ID,Loan_Approved
589,Denied
1580,Denied
5950,Denied
475,Approved
1079,Denied
3763,Approved
6402,Approved
6418,Approved
6585,Denied
6837,Denied
4748,Approved
5343,Approved
9539,Denied
9274,Approved
4879,Denied
1101,Denied
5545,Denied
3239,Denied
845,Denied
6995,Denied
2162,Denied
1596,Approved
8474,Denied
4435,Approved
7158,Approved
5002,Denied
2318,Approved
1337,Denied
4163,Denied
8730,Approved
7022,Denied
5168,Approved
6882,Approved
6965,Approved
1172,Denied
9381,Denied
7534,Denied
5984,Denied
2269,Denied
1712,Denied
8298,Approved
8677,Approved
508,Denied
450,Denied
9778,Denied
2531,Approved
3035,Denied
3968,Approved
4153,Approved
6779,Denied
6986,Denied
4328,Denied
4619,Approved
4957,Approved
4633,Approved
7366,Approved
605,Denied
5137,Denied
3624,Denied
6292,Approved
4479,Denied
4841,Denied
3534,Denied
7702,Denied
8095,Approved
6612,Approved
3231,Denied
73,Denied
7238,Denied
345,Denied
1916,Denied
626,Denied
3510,Denied
6215,Denied
8438,Denied
6134,Denied
7524,Approved
5031,Approved
9501,Denied
5160,Approved
9858,Denied
7978,Approved
9757,Denied
8581,Approved
7235,Denied
4076,Denied
5971,Denied
6411,Approved
2566,Denied
6455,Denied
8190,Approved
7245,Denied
1809,Denied
8427,Denied
4794,Approved
9962,Denied
3305,Denied
8004,Denied
9786,Denied
8092,Approved
959,Approved
1877,Denied
511,Denied
9091,Approved
6969,Approved
9270,Approved
9431,Approved
8480,Approved
1728,Denied
7119,Approved
1214,Approved
642,Denied
7952,Denied
120,Approved
5870,Denied
6699,Denied
2040,Approved
5734,Denied
4476,Approved
3237,Approved
2847,Denied
7611,Approved
6541,Approved
4887,Denied
7628,Denied
3434,Approved
9523,Denied
2797,Denied
8378,Approved
1135,Denied
8143,Denied
7928,Approved
1319,Denied
5655,Denied
2000,Approved
3606,Denied
8956,Denied
5349,Denied
7413,Denied
9658,Approved
6811,Approved
8097,Approved
4934,Denied
8015,Approved
6534,Approved
2672,Approved
7986,Denied
1322,Denied
2689,Approved
6525,Approved
3414,Denied
8838,Denied
2733,Approved
7038,Denied
8502,Denied
6960,Denied
3310,Approved
3934,Denied
4253,Denied
5377,Denied
5083,Approved
7337,Denied
5365,Approved
9160,Denied
9173,Approved
2741,Approved
6865,Approved
9417,Denied
4867,Approved
9027,Denied
8597,Denied
7400,Denied
3262,Approved
2043,Approved
7925,Denied
1256,Approved
6672,Denied
7716,Denied
1399,Denied
9699,Denied
3987,Approved
9119,Approved
4766,Denied
1257,Approved
4238,Denied
9189,Denied
2139,Denied
8899,Approved
7265,Approved
1681,Approved
2782,Denied
280,Denied
3309,Approved
227,Denied
838,Approved
9518,Approved
3638,Approved
114,Denied
5862,Denied
3460,Denied
7094,Denied
9222,Denied
8876,Approved
2103,Approved
7802,Approved
4944,Approved
6504,Approved
3577,Approved
2596,Denied
3425,Denied
3756,Denied
287,Approved
9756,Approved
6841,Denied
9890,Approved
4562,Approved
6751,Approved
2967,Denied
3635,Denied
5874,Denied
4654,Approved
3712,Denied
5119,Denied
4717,Denied
3958,Approved
8160,Denied
9361,Denied
9576,Approved
8560,Denied
5,Denied
5120,Denied
3901,Denied
7165,Approved
5989,Approved
6264,Denied
9002,Approved
4622,Approved
8875,Denied
6000,Denied
1481,Approved
5553,Approved
1872,Approved
2166,Approved
1555,Approved
433,Denied
5084,Denied
7234,Approved
2712,Approved
127,Denied
3677,Approved
4865,Denied
3815,Approved
9227,Denied
7829,Denied
8623,Approved
7331,Denied
1100,Denied
8214,Approved
7208,Approved
8558,Denied
7033,Denied
3364,Approved
5977,Approved
8070,Denied
2937,Denied
5203,Denied
8608,Denied
2619,Approved
1190,Approved
5828,Denied
9099,Approved
5232,Denied
9316,Approved
6336,Approved
1245,Denied
1231,Approved
6295,Denied
5601,Approved
5036,Denied
1673,Approved
2140,Denied
6664,Denied
9473,Approved
1048,Denied
2180,Denied
9840,Denied
3551,Approved
9969,Denied
2350,Denied
3416,Denied
3130,Denied
6707,Denied
6580,Approved
3554,Approved
90,Approved
9174,Denied
4630,Denied
4903,Denied
8425,Denied
1749,Approved
5510,Denied
331,Denied
1739,Denied
7332,Approved
3793,Denied
4397,Denied
5004,Approved
4195,Denied
1645,Approved
4810,Denied
9573,Denied
3096,Approved
4231,Denied
266,Approved
8351,Approved
9168,Approved
6008,Approved
3238,Denied
8967,Denied
7267,Denied
6028,Approved
9619,Denied
4299,Approved
6054,Denied
2290,Approved
3289,Denied
3781,Denied
8321,Denied
8675,Approved
1553,Approved
4143,Approved
6910,Denied
3724,Approved
9630,Approved
9198,Denied
3026,Denied
1284,Approved
5926,Denied
3611,Denied
8083,Denied
4704,Approved
1770,Denied
6653,Approved
4110,Denied
2210,Denied
1756,Denied
8596,Approved
6996,Approved
7296,Denied
2424,Denied
4252,Denied
6556,Approved
87,Denied
9739,Denied
5357,Denied
6179,Denied
4373,Denied
7895,Approved
5720,Approved
211,Denied
6145,Approved
817,Approved
28,Approved
1025,Denied
1884,Denied
6491,Denied
4786,Approved
9624,Denied
4889,Denied
4665,Approved
8532,Denied
9593,Denied
1202,Approved
5361,Denied
1719,Approved
4115,Approved
901,Approved
9092,Approved
2953,Denied
3922,Approved
9486,Denied
4503,Denied
2003,Approved
7805,Approved
4439,Denied
7363,Approved
6657,Denied
2237,Denied
2656,Denied
5113,Denied
7412,Approved
1280,Approved
6378,Approved
6613,Denied
1164,Denied
9525,Approved
9596,Approved
6789,Denied
5607,Denied
6119,Denied
2784,Approved
5584,Denied
3339,Denied
5855,Denied
6554,Denied
5824,Denied
4462,Approved
7810,Denied
1776,Denied
2798,Denied
3846,Approved
7404,Denied
2908,Approved
8697,Approved
5223,Denied
9852,Denied
6230,Denied
7741,Approved
3659,Denied
1227,Denied
5753,Approved
9416,Approved
2418,Denied
6514,Approved
3193,Denied
3158,Approved
7726,Approved
6155,Approved
2734,Denied
297,Approved
4128,Denied
1092,Denied
7073,Approved
1643,Denied
7358,Denied
6492,Denied
8134,Denied
6434,Approved
2425,Denied
6827,Approved
2715,Denied
4836,Denied
9243,Denied
105,Denied
2806,Denied
1785,Approved
3973,Denied
1663,Approved
9129,Approved
6895,Denied
1478,Approved
2620,Denied
5079,Approved
2927,Approved
4116,Denied
5040,Denied
6350,Denied
4374,Denied
8931,Denied
1259,Denied
6404,Approved
8226,Denied
9485,Approved
7520,Approved
7724,Denied
1193,Denied
6528,Approved
7006,Approved
1022,Denied
6356,Denied
2883,Denied
8033,Approved
7910,Denied
9964,Denied
7419,Approved
1897,Denied
5714,Denied
9407,Approved
713,Denied
2521,Approved
3340,Denied
3498,Denied
4123,Denied
5303,Approved
3109,Denied
1678,Denied
6470,Approved
1721,Approved
6696,Approved
4635,Denied
7071,Denied
4549,Denied
6085,Denied
5153,Denied
9885,Approved
7621,Approved
8290,Approved
348,Denied
8512,Denied
7959,Approved
2178,Denied
7947,Approved
2561,Approved
1066,Denied
4469,Denied
6689,Approved
9314,Denied
9236,Approved
336,Approved
988,Denied
391,Approved
7089,Approved
1845,Denied
4209,Denied
1621,Denied
6055,Approved
9698,Denied
5815,Approved
125,Approved
3043,Approved
4824,Denied
6247,Denied
4081,Denied
7920,Denied
5954,Approved
5163,Denied
3972,Approved
9706,Approved
7036,Approved
5045,Approved
6562,Approved
4918,Approved
989,Denied
9465,Denied
8201,Denied
5155,Denied
1930,Denied
3969,Approved
4617,Denied
6332,Approved
7242,Denied
584,Denied
7645,Approved
9252,Denied
1239,Denied
5544,Denied
1900,Approved
5955,Denied
9599,Denied
7581,Approved
9108,Denied
8799,Denied
8003,Denied
3791,Approved
6820,Approved
9986,Approved
6797,Denied
2911,Approved
1261,Denied
1330,Denied
8531,Approved
8870,Denied
9861,Denied
7854,Approved
7188,Denied
9622,Denied
4808,Approved
6665,Denied
414,Approved
4948,Denied
9531,Denied
2344,Denied
5423,Denied
1183,Approved
3578,Denied
2148,Denied
5019,Approved
4648,Denied
4910,Denied
3669,Denied
5994,Approved
7122,Denied
166,Approved
8387,Denied
8943,Denied
305,Denied
6475,Approved
4168,Approved
1432,Approved
4912,Approved
6702,Denied
2415,Approved
9667,Approved
9549,Denied
4199,Denied
2836,Approved
886,Denied
9578,Denied
4264,Denied
8939,Denied
2198,Approved
1366,Approved
6983,Denied
8288,Denied
8556,Denied
2731,Approved
4455,Denied
4724,Denied
6578,Approved
9335,Denied
8027,Approved
9371,Denied
8476,Denied
3066,Approved
4515,Denied
7681,Approved
2300,Denied
4265,Approved
3148,Approved
6912,Denied
6007,Approved
2025,Denied
1548,Denied
271,Approved
5661,Denied
5772,Denied
6002,Approved
9374,Denied
8206,Denied
3034,Denied
3403,Denied
8251,Approved
1303,Approved
4389,Denied
4170,Approved
5109,Approved
8381,Denied
7288,Denied
1590,Denied
9917,Denied
9203,Approved
1969,Denied
2207,Denied
8780,Denied
5919,Approved
2017,Approved
7943,Denied
7432,Denied
7181,Denied
8619,Denied
2188,Denied
9113,Denied
8818,Approved
8748,Denied
186,Denied
2236,Approved
8810,Approved
4068,Denied
4864,Denied
7945,Approved
7203,Denied
9139,Approved
6955,Approved
116,Approved
2870,Denied
1295,Approved
2245,Denied
5144,Approved
5570,Denied
1634,Denied
6651,Approved
1717,Denied
3348,Denied
9789,Denied
2403,Approved
6714,Approved
1550,Approved
5621,Denied
3070,Denied
5459,Denied
9882,Approved
6211,Denied
5860,Denied
3538,Denied
5876,Denied
8639,Approved
821,Approved
9228,Denied
218,Denied
3521,Denied
4052,Denied
4708,Denied
3213,Denied
8676,Denied
3507,Denied
72,Denied
8465,Approved
5043,Approved
9458,Approved
8042,Approved
3370,Denied
4688,Denied
5878,Approved
4939,Denied
2538,Denied
3104,Denied
1421,Denied
3272,Approved
4837,Denied
9988,Denied
3851,Denied
632,Denied
6187,Approved
1986,Denied
6342,Approved
3074,Denied
8074,Denied
2960,Denied
20,Denied
2919,Denied
1943,Denied
2856,Approved
1371,Denied
8111,Approved
7517,Approved
7134,Denied
8988,Approved
1709,Approved
4574,Denied
5131,Denied
7548,Approved
8826,Approved
7887,Denied
9310,Denied
2580,Denied
9814,Denied
6148,Approved
3981,Approved
6902,Approved
1121,Denied
3478,Denied
5164,Approved
9298,Denied
1055,Denied
3333,Approved
6570,Denied
2979,Approved
9088,Denied
9063,Denied
7695,Approved
751,Denied
8507,Denied
4447,Approved
8161,Approved
1692,Approved
9049,Denied
2367,Denied
9471,Denied
110,Denied
380,Approved
4381,Denied
1243,Denied
9238,Approved
2499,Denied
9165,Approved
9048,Approved
2035,Denied
7421,Approved
9353,Denied
8368,Denied
3378,Approved
3583,Denied
6626,Approved
240,Denied
3661,Denied
3828,Approved
7555,Approved
4302,Approved
5038,Denied
747,Approved
8755,Approved
16,Denied
5035,Approved
85,Denied
2311,Approved
2243,Denied
2597,Denied
9280,Denied
6772,Denied
5173,Approved
3122,Denied
4545,Denied
4490,Denied
9340,Denied
2785,Denied
5683,Denied
6826,Approved
9664,Denied
1047,Denied
2725,Approved
978,Approved
1508,Denied
9346,Denied
956,Approved
7827,Denied
313,Approved
2073,Approved
4427,Approved
7665,Approved
3574,Denied
8866,Approved
8416,Approved
8443,Denied
7346,Approved
6794,Denied
3021,Denied
4523,Denied
455,Approved
6083,Denied
9550,Denied
4274,Approved
1738,Denied
903,Denied
5257,Approved
2319,Denied
6238,Approved
8872,Denied
1149,Approved
562,Denied
4132,Denied
8945,Denied
5997,Denied
4330,Denied
7974,Approved
1316,Approved
2048,Approved
1170,Denied
1422,Denied
3960,Approved
3050,Approved
6360,Denied
7504,Denied
4636,Denied
8242,Denied
1611,Denied
7873,Approved
9082,Denied
3579,Denied
4669,Denied
1644,Denied
1232,Denied
9572,Denied
910,Denied
3376,Denied
1282,Denied
9069,Denied
3643,Approved
8980,Denied
201,Approved
9212,Denied
2343,Denied
1910,Denied
2498,Denied
4788,Approved
6078,Approved
3396,Denied
8932,Denied
3312,Denied
5912,Denied
253,Denied
4074,Denied
9225,Approved
7882,Approved
1091,Denied
2925,Denied
9294,Denied
2877,Approved
6998,Denied
6735,Denied
7302,Approved
1679,Approved
2675,Denied
5569,Denied
2886,Denied
7116,Denied
7460,Denied
5736,Approved
5863,Approved
9860,Approved
5209,Approved
6086,Denied
9677,Denied
6974,Approved
4693,Approved
2759,Approved
1855,Approved
5567,Denied
8060,Approved
7053,Denied
536,Denied
9402,Denied
1420,Approved
7798,Denied
7774,Approved
5092,Denied
178,Denied
6339,Denied
2627,Denied
8205,Denied
2994,Approved
4152,Approved
8968,Denied
3190,Denied
6937,Approved
6663,Denied
9190,Denied
7207,Denied
5270,Denied
6073,Denied
2550,Denied
6720,Denied
3788,Denied
6918,Approved
6060,Denied
473,Denied
908,Approved
8613,Denied
6496,Denied
2749,Approved
1494,Denied
4280,Denied
100,Denied
9617,Approved
2548,Denied
5286,Denied
604,Approved
9005,Denied
5444,Denied
1235,Approved
7448,Approved
2810,Denied
5472,Denied
1708,Approved
204,Approved
6294,Approved
7403,Denied
5706,Denied
8541,Denied
7225,Approved
7840,Approved
4857,Denied
8696,Denied
2600,Denied
3207,Approved
2951,Approved
1535,Denied
6634,Approved
7333,Approved
4071,Approved
1948,Denied
839,Denied
2683,Approved
2535,Approved
3128,Denied
7507,Approved
5176,Denied
5390,Denied
654,Denied
303,Approved
8043,Denied
21,Approved
1498,Approved
6938,Approved
5832,Denied
5660,Approved
3242,Denied
483,Denied
4254,Denied
5831,Denied
7729,Approved
7516,Denied
2071,Denied
226,Approved
4519,Denied
7278,Approved
3446,Approved
2450,Approved
4835,Denied
7456,Denied
7173,Denied
1425,Denied
2975,Approved
5037,Approved
290,Approved
6429,Approved
2285,Denied
3317,Denied
6695,Approved
5743,Denied
5393,Approved
7068,Denied
4311,Denied
1113,Denied
844,Denied
8580,Approved
3592,Denied
1402,Approved
358,Approved
7230,Approved
7107,Denied
1769,Approved
2253,Approved
8277,Approved
4526,Denied
7291,Denied
7876,Denied
3277,Denied
7595,Denied
6759,Approved
3953,Approved
2822,Denied
9812,Approved
3163,Denied
6256,Approved
4470,Approved
5362,Denied
8357,Denied
463,Denied
217,Denied
3872,Approved
1500,Approved
7318,Approved
6305,Approved
7603,Denied
5069,Approved
6994,Approved
4393,Denied
4827,Denied
9263,Denied
3031,Approved
2256,Approved
499,Approved
4247,Denied
8836,Approved
835,Denied
7613,Denied
8218,Denied
558,Approved
1464,Approved
1041,Denied
9114,Denied
2890,Denied
7035,Denied
7459,Denied
5800,Approved
3136,Denied
8849,Approved
245,Approved
5454,Approved
6597,Denied
467,Denied
8081,Approved
9271,Denied
8999,Approved
3917,Denied
4684,Approved
4877,Denied
8296,Approved
7080,Denied
6091,Denied
4098,Denied
2909,Denied
9242,Denied
8686,Denied
2372,Approved
4813,Denied
3161,Approved
7678,Approved
5171,Approved
6265,Denied
7168,Approved
37,Approved
5359,Denied
349,Denied
8905,Approved
5198,Denied
2751,Approved
7283,Approved
5615,Approved
9124,Denied
884,Denied
3852,Approved
6518,Denied
944,Approved
6311,Denied
6053,Denied
7944,Approved
661,Denied
3730,Denied
413,Denied
7280,Approved
8508,Approved
6880,Denied
4840,Approved
5763,Denied
1914,Denied
3523,Denied
5894,Approved
8224,Approved
9939,Denied
2821,Denied
6904,Denied
6775,Approved
5898,Denied
9306,Denied
1531,Denied
2143,Denied
3489,Denied
54,Approved
22,Denied
4736,Denied
4310,Denied
1323,Approved
2530,Approved
5202,Denied
4994,Denied
6609,Approved
3794,Denied
6661,Denied
4883,Approved
9421,Approved
6688,Approved
3506,Approved
9650,Approved
316,Approved
8017,Approved
6559,Denied
3557,Approved
2109,Approved
2945,Denied
3513,Denied
6235,Denied
888,Approved
2486,Approved
7677,Approved
6543,Approved
7186,Approved
1607,Denied
4829,Denied
487,Approved
813,Denied
5033,Denied
4650,Approved
431,Denied
4953,Denied
2549,Denied
1291,Denied
9802,Denied
3658,Approved
1793,Approved
7692,Denied
8911,Denied
1558,Denied
8062,Approved
9515,Denied
6168,Denied
2562,Denied
7065,Denied
2837,Denied
2414,Denied
3393,Denied
9755,Denied
1221,Approved
555,Approved
4701,Denied
2523,Approved
322,Denied
8878,Denied
619,Denied
6769,Approved
4783,Approved
1780,Denied
7740,Denied
1605,Denied
9226,Approved
1492,Denied
688,Approved
8994,Denied
4324,Denied
8595,Approved
3005,Approved
3732,Approved
8009,Denied
3125,Approved
8135,Denied
98,Approved
1143,Approved
8672,Denied
4465,Denied
7651,Approved
3714,Denied
1162,Approved
954,Denied
6107,Denied
9520,Denied
4570,Denied
8844,Denied
3549,Denied
761,Denied
957,Approved
2852,Denied
6737,Approved
7008,Denied
4656,Denied
8025,Denied
8038,Approved
2114,Denied
8776,Approved
7025,Denied
686,Denied
8712,Approved
7950,Approved
599,Approved
6199,Denied
4850,Denied
9930,Approved
4911,Denied
5530,Approved
4862,Denied
2677,Denied
1076,Denied
9483,Approved
929,Approved
5823,Denied
8572,Denied
8661,Denied
4473,Denied
4662,Denied
8792,Denied
6421,Denied
6454,Denied
553,Denied
7471,Denied
1801,Denied
8096,Denied
4403,Approved
2411,Approved
8069,Denied
5360,Denied
996,Denied
1557,Approved
4640,Denied
246,Denied
4293,Approved
3563,Denied
6635,Denied
7723,Denied
9034,Approved
6919,Approved
4387,Denied
7252,Denied
9089,Approved
685,Denied
7624,Denied
3252,Denied
7803,Approved
3417,Approved
6848,Denied
8338,Approved
1781,Denied
1519,Denied
4370,Approved
3630,Denied
8664,Approved
3004,Denied
2841,Denied
748,Denied
8124,Approved
1978,Denied
3112,Approved
3996,Denied
1970,Approved
1223,Denied
8388,Denied
134,Approved
2984,Approved
3726,Denied
6884,Denied
2736,Approved
8137,Denied
1920,Denied
2329,Denied
6762,Approved
4194,Denied
9538,Approved
4814,Approved
7601,Approved
8354,Approved
5427,Denied
7372,Denied
4226,Approved
1998,Approved
1219,Approved
8538,Approved
1114,Denied
3176,Denied
649,Approved
6125,Denied
1800,Approved
3504,Approved
7446,Approved
1178,Approved
6275,Approved
1153,Denied
8904,Approved
9809,Denied
4431,Denied
5767,Denied
2571,Denied
1158,Approved
3292,Denied
3114,Denied
8571,Denied
9247,Denied
4336,Approved
5579,Denied
6591,Approved
6490,Denied
3525,Denied
8853,Denied
6095,Denied
5603,Denied
2708,Denied
5126,Denied
7787,Approved
328,Denied
1084,Denied
4898,Denied
7546,Approved
8514,Approved
8986,Denied
2451,Approved
1977,Denied
3388,Denied
9678,Denied
7324,Approved
3722,Denied
4785,Denied
2565,Approved
8689,Approved
6954,Denied
5150,Denied
8636,Approved
6326,Denied
7232,Approved
4446,Approved
4171,Denied
2072,Denied
3751,Denied
2054,Approved
4428,Approved
6571,Approved
8334,Denied
9705,Denied
8278,Denied
4388,Denied
6394,Approved
5774,Denied
9845,Approved
5237,Approved
754,Denied
6487,Denied
8259,Approved
6203,Denied
6271,Denied
7439,Denied
8392,Approved
9636,Denied
3839,Denied
5026,Approved
8702,Approved
2961,Denied
2589,Denied
4884,Approved
9253,Denied
4011,Approved
1156,Approved
9848,Denied
7031,Denied
8900,Approved
9202,Approved
8180,Denied
3107,Approved
9618,Denied
4043,Denied
5334,Approved
875,Approved
6891,Approved
2702,Denied
8071,Approved
5532,Approved
2436,Denied
179,Approved
8270,Denied
3467,Denied
533,Approved
2191,Denied
6749,Approved
3940,Approved
7537,Denied
478,Denied
5054,Approved
5609,Denied
9772,Approved
4757,Approved
8660,Denied
6549,Denied
4801,Denied
6508,Denied
5194,Denied
1903,Denied
1571,Denied
5900,Denied
8678,Approved
8750,Approved
485,Denied
8634,Denied
9507,Approved
871,Denied
647,Denied
1175,Denied
1351,Denied
9333,Approved
513,Denied
2739,Approved
2766,Denied
6160,Approved
5085,Denied
7790,Denied
8796,Approved
3454,Approved
3707,Denied
6858,Approved
7786,Denied
5524,Denied
5350,Denied
1726,Denied
8974,Denied
1460,Denied
1699,Denied
6886,Denied
2163,Denied
9740,Denied
9600,Denied
9966,Denied
3742,Approved
590,Approved
7248,Approved
5543,Denied
6413,Denied
8909,Denied
8638,Approved
71,Denied
4714,Approved
8286,Denied
3258,Denied
8225,Approved
8641,Denied
9608,Denied
7313,Denied
50,Approved
4975,Approved
4998,Denied
7869,Approved
5691,Approved
9748,Denied
7213,Denied
7577,Denied
3876,Approved
8000,Denied
8249,Approved
4133,Denied
8138,Approved
6829,Denied
5907,Approved
7989,Approved
8020,Denied
5525,Denied
634,Denied
2359,Approved
4847,Denied
4124,Approved
2393,Denied
1912,Denied
8885,Denied
9615,Denied
3790,Denied
5920,Denied
4828,Denied
6301,Denied
6431,Denied
5676,Denied
7710,Approved
2056,Approved
5605,Denied
6189,Denied
4448,Denied
24,Denied
6823,Denied
3829,Denied
2007,Denied
7831,Denied
4528,Approved
1400,Approved
6669,Approved
3372,Denied
4122,Approved
4649,Approved
5187,Denied
7582,Denied
5375,Approved
4347,Denied
5973,Approved
9735,Denied
6346,Denied
1434,Denied
1527,Approved
6309,Denied
7579,Approved
1587,Denied
8412,Denied
4266,Approved
4812,Denied
8380,Denied
3234,Denied
2987,Approved
8186,Denied
5563,Approved
7455,Denied
3259,Denied
3326,Denied
1649,Approved
174,Approved
8301,Approved
9941,Denied
9646,Denied
2176,Denied
4051,Denied
9229,Approved
5690,Denied
6929,Denied
8674,Denied
3023,Denied
2260,Approved
109,Denied
2186,Denied
4652,Denied
7498,Denied
187,Denied
575,Approved
7984,Approved
7572,Denied
416,Denied
2184,Denied
2069,Denied
148,Approved
8804,Denied
6569,Denied
96,Denied
4217,Denied
782,Denied
725,Denied
5604,Denied
5060,Approved
1588,Approved
2445,Approved
9288,Approved
5268,Approved
3641,Approved
744,Approved
5394,Denied
4696,Denied
2187,Approved
1004,Approved
8328,Approved
1953,Denied
8955,Denied
6781,Denied
6407,Denied
5825,Denied
1255,Approved
3777,Approved
4314,Approved
964,Denied
471,Denied
1808,Approved
7644,Approved
3059,Denied
5310,Denied
6500,Denied
9881,Approved
7834,Denied
3261,Approved
9686,Approved
430,Approved
6020,Denied
2371,Approved
4305,Denied
561,Approved
327,Denied
2362,Denied
2064,Denied
6963,Denied
546,Approved
1184,Approved
7703,Denied
1907,Denied
6656,Denied
2341,Denied
8795,Denied
1640,Denied
1841,Denied
5175,Denied
1140,Approved
3214,Denied
6687,Approved
9001,Approved
1584,Denied
5228,Approved
4682,Denied
6870,Approved
2354,Denied
8918,Denied
1617,Approved
9132,Denied
5963,Approved
5057,Approved
476,Denied
1577,Denied
7809,Approved
4248,Approved
6352,Denied
7250,Approved
4627,Approved
2206,Denied
9504,Approved
1857,Approved
6065,Denied
6330,Approved
5760,Denied
9701,Denied
2966,Approved
2389,Approved
7377,Denied
1636,Denied
4571,Denied
4454,Denied
974,Approved
4823,Approved
5741,Approved
1361,Denied
9594,Denied
8873,Approved
4559,Approved
7981,Denied
5850,Approved
9015,Denied
3351,Denied
4242,Denied
9980,Denied
8421,Denied
1564,Approved
9923,Denied
9628,Approved
5446,Approved
2976,Approved
4924,Denied
7806,Approved
5610,Denied
5416,Approved
7919,Denied
8908,Approved
260,Denied
3251,Approved
5704,Denied
8006,Denied
247,Denied
7224,Denied
7844,Denied
2964,Denied
9621,Denied
8300,Denied
3415,Approved
1270,Approved
652,Approved
8332,Denied
3955,Approved
4949,Denied
8146,Approved
6015,Approved
5095,Approved
9984,Denied
7848,Approved
2408,Denied
462,Denied
2714,Approved
1439,Denied
3476,Approved
8785,Approved
1570,Approved
3590,Approved
5071,Denied
2514,Approved
2108,Approved
1612,Approved
5188,Approved
6138,Approved
4842,Approved
9620,Denied
972,Approved
8129,Approved
8414,Approved
966,Denied
2667,Approved
9666,Approved
531,Denied
8054,Denied
3844,Approved
2209,Denied
1842,Denied
8487,Approved
4177,Approved
6765,Denied
1020,Denied
6025,Approved
1093,Denied
1405,Denied
4843,Denied
1777,Approved
3357,Denied
9250,Approved
9176,Approved
3729,Approved
1902,Denied
937,Denied
4632,Approved
4091,Denied
5233,Denied
9968,Approved
5628,Approved
3898,Denied
2648,Denied
1509,Denied
6804,Denied
2091,Denied
330,Denied
7973,Approved
1935,Approved
7845,Denied
5839,Approved
39,Approved
2716,Denied
9877,Approved
5464,Approved
7429,Denied
296,Approved
8631,Denied
5848,Approved
4955,Denied
2915,Denied
3429,Denied
8348,Denied
6703,Approved
2557,Denied
1655,Denied
8513,Denied
4321,Approved
9400,Approved
4255,Denied
3274,Approved
2355,Denied
5210,Denied
5073,Denied
5331,Approved
8319,Approved
9794,Denied
4119,Approved
6563,Approved
6760,Denied
7483,Denied
9543,Denied
5882,Approved
4671,Denied
1665,Denied
7352,Denied
9327,Denied
3883,Denied
4249,Denied
2781,Denied
697,Approved
5158,Denied
1018,Denied
8466,Approved
162,Approved
3856,Approved
8859,Denied
7556,Approved
8917,Denied
6682,Denied
7909,Denied
6261,Approved
7354,Denied
1038,Denied
9208,Denied
2921,Approved
1352,Approved
2757,Denied
4461,Denied
5597,Approved
5182,Approved
8603,Approved
6627,Approved
6323,Denied
6075,Approved
9356,Denied
1120,Denied
1510,Approved
2456,Denied
3087,Denied
6461,Denied
421,Denied
6392,Approved
6120,Denied
6630,Approved
9694,Approved
7092,Approved
7700,Denied
7275,Denied
7214,Denied
6980,Denied
7040,Approved
4154,Denied
1824,Denied
5159,Denied
312,Denied
195,Approved
3882,Denied
2333,Denied
4342,Approved
1146,Approved
5565,Denied
9566,Denied
7410,Approved
3629,Denied
4687,Approved
1152,Denied
9574,Denied
3840,Approved
490,Denied
233,Approved
2723,Denied
2776,Approved
2897,Approved
4661,Denied
2949,Approved
6900,Approved
1317,Approved
382,Denied
3660,Denied
496,Approved
1466,Denied
9186,Approved
3196,Approved
9747,Approved
3379,Denied
1698,Approved
5958,Denied
1783,Approved
9110,Approved
4604,Denied
7823,Denied
5710,Approved
7992,Approved
291,Denied
7259,Approved
8483,Denied
5851,Approved
1758,Approved
7468,Approved
1603,Denied
9178,Approved
4270,Denied
631,Denied
4935,Denied
2546,Denied
4510,Denied
8478,Approved
5598,Approved
8106,Approved
9985,Approved
7636,Approved
6108,Denied
8890,Denied
5301,Denied
7782,Denied
537,Approved
1277,Approved
2062,Approved
4218,Approved
5381,Approved
897,Denied
1208,Denied
8820,Denied
7991,Denied
6844,Denied
3637,Approved
7793,Denied
9551,Denied
8362,Approved
2006,Approved
7940,Denied
346,Denied
2748,Approved
9656,Approved
6220,Approved
3349,Denied
1819,Denied
1533,Denied
3736,Denied
3386,Denied
3615,Approved
7322,Denied
7336,Approved
1233,Denied
7227,Approved
4876,Approved
6964,Denied
9456,Approved
9724,Denied
8978,Denied
6400,Denied
7353,Approved
3515,Denied
9555,Denied
9397,Denied
5157,Approved
9533,Denied
2774,Approved
5492,Denied
6889,Approved
7998,Approved
9675,Denied
4499,Denied
7339,Approved
1593,Approved
1148,Denied
5735,Approved
4537,Denied
453,Approved
5314,Approved
2881,Approved
5857,Denied
1949,Approved
2296,Approved
8235,Approved
7215,Denied
1869,Denied
6583,Approved
7312,Denied
3623,Approved
1594,Approved
5098,Denied
2434,Denied
7303,Denied
1104,Denied
2298,Denied
97,Approved
5847,Denied
6519,Approved
138,Approved
8762,Denied
8666,Denied
6419,Approved
6064,Denied
274,Denied
9556,Denied
6126,Denied
4062,Denied
8292,Denied
9669,Denied
13,Approved
9409,Approved
6135,Approved
7857,Approved
6637,Denied
5572,Approved
5943,Denied
4529,Approved
4759,Approved
2123,Approved
2779,Approved
7708,Approved
2930,Denied
4657,Denied
5134,Denied
2146,Denied
7013,Denied
9884,Approved
3046,Denied
377,Denied
8400,Approved
3762,Denied
8720,Denied
4742,Approved
1412,Approved
4680,Denied
4070,Approved
4718,Approved
9957,Denied
3617,Denied
1479,Approved
3285,Denied
2169,Approved
2814,Denied
1537,Denied
8399,Approved
3816,Denied
3519,Denied
7918,Approved
7856,Denied
9876,Denied
4306,Denied
8072,Approved
9056,Approved
1397,Denied
6892,Approved
4120,Denied
4039,Approved
304,Denied
6298,Denied
392,Approved
8026,Approved
5908,Denied
6987,Denied
4090,Denied
7995,Denied
9981,Denied
2430,Approved
2519,Approved
5623,Denied
4335,Approved
5841,Denied
1556,Denied
9145,Denied
7783,Denied
7175,Approved
8404,Denied
2496,Denied
591,Approved
7075,Denied
6344,Denied
3290,Denied
5013,Approved
9331,Denied
7422,Denied
2379,Denied
2307,Approved
4307,Denied
8601,Denied
8211,Denied
9905,Denied
2775,Denied
1453,Denied
7142,Approved
1029,Denied
712,Denied
517,Approved
4089,Denied
7190,Denied
5552,Denied
2185,Denied
419,Denied
5542,Denied
8402,Denied
9021,Approved
5529,Approved
7765,Approved
6622,Denied
576,Denied
4886,Denied
4205,Approved
8271,Denied
9716,Approved
2057,Denied
8304,Approved
6208,Denied
3619,Denied
2026,Approved
7121,Approved
1609,Denied
5408,Approved
4971,Denied
378,Denied
9462,Denied
6863,Denied
9850,Denied
5051,Denied
2145,Denied
9792,Approved
1766,Approved
8306,Denied
9266,Approved
2658,Approved
1115,Approved
4272,Denied
6405,Denied
3377,Approved
9231,Denied
1472,Denied
8450,Approved
3131,Denied
8823,Approved
3888,Approved
2823,Denied
9505,Denied
1372,Approved
2901,Approved
398,Approved
9761,Denied
945,Approved
9164,Denied
131,Denied
3912,Denied
6685,Denied
1477,Denied
5106,Denied
1944,Approved
1796,Approved
1704,Denied
9378,Denied
3484,Approved
1540,Denied
2299,Denied
1126,Approved
9264,Denied
4638,Denied
9807,Denied
3108,Denied
7728,Approved
9038,Approved
2224,Denied
9284,Denied
9854,Denied
9365,Denied
8947,Approved
9460,Denied
2194,Denied
3924,Denied
9696,Approved
3168,Denied
7666,Denied
324,Approved
878,Approved
4019,Denied
6363,Approved
3604,Denied
8775,Approved
7693,Denied
1110,Denied
8763,Approved
5620,Approved
7423,Approved
1107,Approved
1501,Denied
6423,Approved
5184,Denied
6422,Denied
4395,Denied
7099,Denied
1664,Approved
5266,Denied
5986,Denied
9394,Denied
918,Denied
9024,Approved
171,Approved
8845,Denied
2441,Approved
4859,Denied
1528,Approved
5470,Denied
3994,Approved
4590,Approved
1485,Denied
1096,Approved
3287,Denied
6784,Approved
3947,Approved
4979,Denied
6433,Approved
3879,Approved
7571,Approved
282,Denied
2265,Denied
5447,Denied
4601,Denied
1694,Approved
8745,Approved
4257,Denied
2570,Approved
3676,Approved
9302,Denied
4228,Denied
1931,Approved
5856,Denied
3903,Denied
1822,Approved
8814,Denied
7147,Denied
6335,Denied
6800,Denied
7141,Approved
6019,Approved
9066,Approved
6725,Approved
3502,Denied
4909,Approved
7883,Denied
7890,Approved
2912,Approved
5612,Denied
532,Denied
3935,Denied
5506,Approved
8475,Approved
8934,Denied
2266,Approved
7325,Denied
351,Denied
7200,Denied
9657,Denied
7285,Approved
464,Approved
2277,Denied
4872,Denied
8734,Denied
5034,Denied
8256,Denied
3033,Approved
1428,Denied
5513,Approved
6438,Approved
3232,Denied
156,Approved
746,Denied
5923,Approved
9707,Approved
8722,Denied
9079,Approved
8680,Denied
4013,Approved
7731,Approved
7562,Approved
4968,Denied
6620,Approved
6066,Denied
5914,Approved
9454,Approved
1575,Approved
874,Approved
5826,Approved
237,Denied
633,Denied
9855,Approved
8382,Approved
7961,Denied
893,Denied
1360,Denied
139,Denied
5745,Approved
8797,Denied
5249,Denied
6501,Approved
5317,Approved
2666,Denied
796,Denied
5789,Denied
9258,Denied
184,Denied
3540,Approved
493,Approved
7041,Approved
8979,Approved
7568,Approved
3246,Denied
9084,Denied
9499,Denied
1806,Approved
7021,Denied
5801,Approved
224,Denied
6746,Approved
2465,Approved
9989,Denied
9645,Approved
9159,Approved
8640,Denied
5129,Approved
8202,Denied
8339,Denied
8930,Approved
1010,Approved
4412,Approved
639,Denied
6988,Denied
9060,Approved
7405,Denied
409,Denied
4600,Approved
4831,Denied
7847,Approved
5042,Denied
7220,Approved
7849,Approved
8593,Approved
7329,Approved
6201,Denied
819,Approved
2214,Denied
9825,Denied
5401,Denied
6639,Approved
6741,Approved
4031,Approved
8420,Approved
5000,Approved
193,Approved
1063,Approved
1278,Approved
6962,Denied
9553,Approved
2039,Denied
200,Denied
9676,Denied
6539,Approved
9272,Denied
1775,Approved
6645,Denied
8715,Approved
9362,Denied
4458,Approved
6845,Denied
528,Denied
3155,Denied
2598,Denied
5754,Approved
239,Denied
5698,Denied
4259,Approved
8747,Denied
7868,Denied
1355,Denied
7565,Denied
9819,Denied
6410,Approved
8977,Denied
4634,Denied
8200,Denied
6822,Approved
4337,Approved
2820,Approved
9920,Denied
7957,Denied
1628,Denied
5455,Approved
2005,Approved
8506,Approved
381,Approved
2235,Denied
2743,Denied
5192,Denied
6780,Denied
1667,Denied
4360,Denied
3692,Denied
635,Denied
3211,Approved
7399,Denied
9580,Denied
2251,Denied
1438,Approved
9892,Denied
2636,Denied
8725,Denied
9662,Denied
3199,Approved
9167,Approved
580,Approved
3537,Denied
229,Approved
6546,Denied
1581,Denied
6655,Denied
2320,Denied
543,Denied
1955,Approved
4880,Approved
3566,Approved
6819,Denied
1606,Denied
4433,Denied
2360,Approved
3779,Approved
2099,Approved
9430,Approved
323,Denied
9196,Approved
6598,Denied
8739,Denied
5216,Approved
2127,Denied
5339,Approved
1994,Approved
5087,Denied
8191,Denied
4219,Denied
7064,Approved
9808,Denied
465,Denied
8896,Approved
1754,Denied
1340,Approved
7735,Denied
1653,Approved
9993,Approved
6572,Denied
7508,Denied
7591,Denied
7176,Approved
3160,Approved
3855,Approved
5132,Denied
2902,Denied
3686,Approved
9925,Denied
8156,Approved
2067,Approved
6225,Denied
7763,Approved
5613,Denied
7576,Denied
6716,Approved
856,Denied
9516,Approved
137,Denied
6632,Denied
4417,Denied
4599,Approved
1702,Denied
5318,Approved
9120,Approved
4378,Approved
7111,Denied
825,Denied
7789,Denied
568,Denied
8891,Approved
9857,Approved
5938,Denied
8128,Denied
4015,Denied
3085,Denied
2903,Denied
7100,Approved
8273,Denied
2495,Denied
5414,Denied
5890,Approved
4746,Denied
8131,Approved
9090,Approved
4192,Approved
2502,Denied
6062,Denied
2722,Denied
9025,Denied
3401,Approved
9209,Approved
990,Denied
1407,Denied
3910,Approved
1899,Approved
9043,Approved
371,Denied
3834,Denied
9433,Approved
6943,Denied
8727,Denied
3086,Denied
638,Denied
